{
    "tasks": [
        {
            "task": "CLEANING",
            "taskid": 1,
            "Date": "20 JAN 2023",
            "Deadline": "20 FEB 2023",
            "Priority": "URGENT"
        },
        {
            "task": "SHOPPING",
            "taskid": 2,
            "Date": "20 JULY 2023",
            "Deadline": "20 AUGUST 2023",
            "Priority": "LOW"
        },
        {
            "task": "SLEEPING",
            "taskid": 3,
            "Date": "20 SEPT 2023",
            "Deadline": "20 OCT 2023",
            "Priority": "HIGH"
        }
    ]
}